user_id,user_name,wallet_id,odometer_km,battery_percentage,photo_timestamp,vehicle_type,vehicle_number
user_001,Arjun Patel,0xA1B2C3D4E5F6A7B8C9D0E1F2A3B4C5D6E7F8A9B1,10500,85,2025-05-01,Bike,GJ04QN1054
user_001,Arjun Patel,0xA1B2C3D4E5F6A7B8C9D0E1F2A3B4C5D6E7F8A9B1,10535,80,2025-05-09,Bike,GJ04QN1054
user_001,Arjun Patel,0xA1B2C3D4E5F6A7B8C9D0E1F2A3B4C5D6E7F8A9B1,10580,75,2025-05-13,Bike,GJ04QN1054
user_001,Arjun Patel,0xA1B2C3D4E5F6A7B8C9D0E1F2A3B4C5D6E7F8A9B1,10610,70,2025-05-22,Bike,GJ04QN1054
user_001,Arjun Patel,0xA1B2C3D4E5F6A7B8C9D0E1F2A3B4C5D6E7F8A9B1,10650,65,2025-05-29,Bike,GJ04QN1054
user_001,Arjun Patel,0xA1B2C3D4E5F6A7B8C9D0E1F2A3B4C5D6E7F8A9B1,10738,60,2025-06-07,Bike,GJ04QN1054
user_001,Arjun Patel,0xA1B2C3D4E5F6A7B8C9D0E1F2A3B4C5D6E7F8A9B1,10759,55,2025-06-12,Bike,GJ04QN1054
user_001,Arjun Patel,0xA1B2C3D4E5F6A7B8C9D0E1F2A3B4C5D6E7F8A9B1,10780,50,2025-06-21,Bike,GJ04QN1054
user_001,Arjun Patel,0xA1B2C3D4E5F6A7B8C9D0E1F2A3B4C5D6E7F8A9B1,10820,45,2025-06-26,Bike,GJ04QN1054
user_001,Arjun Patel,0xA1B2C3D4E5F6A7B8C9D0E1F2A3B4C5D6E7F8A9B1,10866,40,2025-07-01,Bike,GJ04QN1054
user_001,Arjun Patel,0xA1B2C3D4E5F6A7B8C9D0E1F2A3B4C5D6E7F8A9B1,10901,38,2025-07-17,Bike,GJ04QN1054
user_001,Arjun Patel,0xA1B2C3D4E5F6A7B8C9D0E1F2A3B4C5D6E7F8A9B1,10940,35,2025-07-25,Bike,GJ04QN1054
user_002,Meera Singh,0xB2C3D4E5F6A7B8C9D0E1F2A3B4C5D6E7F8A9B2C3,5000,90,2025-05-03,4-wheeler,MH12AB1234
user_002,Meera Singh,0xB2C3D4E5F6A7B8C9D0E1F2A3B4C5D6E7F8A9B2C3,5050,85,2025-05-05,4-wheeler,MH12AB1234
user_002,Meera Singh,0xB2C3D4E5F6A7B8C9D0E1F2A3B4C5D6E7F8A9B2C3,5112,80,2025-05-17,4-wheeler,MH12AB1234
user_002,Meera Singh,0xB2C3D4E5F6A7B8C9D0E1F2A3B4C5D6E7F8A9B2C3,5145,75,2025-05-22,4-wheeler,MH12AB1234
user_002,Meera Singh,0xB2C3D4E5F6A7B8C9D0E1F2A3B4C5D6E7F8A9B2C3,5200,70,2025-05-29,4-wheeler,MH12AB1234
user_002,Meera Singh,0xB2C3D4E5F6A7B8C9D0E1F2A3B4C5D6E7F8A9B2C3,5225,65,2025-06-03,4-wheeler,MH12AB1234
user_002,Meera Singh,0xB2C3D4E5F6A7B8C9D0E1F2A3B4C5D6E7F8A9B2C3,5258,60,2025-06-17,4-wheeler,MH12AB1234
user_002,Meera Singh,0xB2C3D4E5F6A7B8C9D0E1F2A3B4C5D6E7F8A9B2C3,5290,55,2025-06-24,4-wheeler,MH12AB1234
user_002,Meera Singh,0xB2C3D4E5F6A7B8C9D0E1F2A3B4C5D6E7F8A9B2C3,5310,50,2025-06-28,4-wheeler,MH12AB1234
user_002,Meera Singh,0xB2C3D4E5F6A7B8C9D0E1F2A3B4C5D6E7F8A9B2C3,5364,45,2025-07-05,4-wheeler,MH12AB1234
user_002,Meera Singh,0xB2C3D4E5F6A7B8C9D0E1F2A3B4C5D6E7F8A9B2C3,5375,43,2025-07-11,4-wheeler,MH12AB1234
user_002,Meera Singh,0xB2C3D4E5F6A7B8C9D0E1F2A3B4C5D6E7F8A9B2C3,5397,40,2025-07-23,4-wheeler,MH12AB1234
user_003,Raushan Sharma,0xC1D2E3F4A5B6C7D8E9F0A1B2C3D4E5F6A7B8C9D0,2000,95,2025-06-05,Moped,
user_003,Raushan Sharma,0xC1D2E3F4A5B6C7D8E9F0A1B2C3D4E5F6A7B8C9D0,2020,90,2025-06-12,Moped,
user_003,Raushan Sharma,0xC1D2E3F4A5B6C7D8E9F0A1B2C3D4E5F6A7B8C9D0,2037,85,2025-06-19,Moped,
user_003,Raushan Sharma,0xC1D2E3F4A5B6C7D8E9F0A1B2C3D4E5F6A7B8C9D0,2064,80,2025-06-21,Moped,
user_003,Raushan Sharma,0xC1D2E3F4A5B6C7D8E9F0A1B2C3D4E5F6A7B8C9D0,2071,75,2025-06-26,Moped,
user_003,Raushan Sharma,0xC1D2E3F4A5B6C7D8E9F0A1B2C3D4E5F6A7B8C9D0,2096,70,2025-07-06,Moped,
user_003,Raushan Sharma,0xC1D2E3F4A5B6C7D8E9F0A1B2C3D4E5F6A7B8C9D0,2113,65,2025-07-16,Moped,
user_003,Raushan Sharma,0xC1D2E3F4A5B6C7D8E9F0A1B2C3D4E5F6A7B8C9D0,2137,60,2025-07-23,Moped,
user_003,Raushan Sharma,0xC1D2E3F4A5B6C7D8E9F0A1B2C3D4E5F6A7B8C9D0,2156,55,2025-07-25,Moped,
user_003,Raushan Sharma,0xC1D2E3F4A5B6C7D8E9F0A1B2C3D4E5F6A7B8C9D0,2180,53,2025-07-30,Moped,
user_004,Rajesh Kumar,0xD1E2F3A4B5C6D7E8F9A0B1C2D3E4F5A6B7C8D9E0,8000,80,2025-05-11,3-wheeler,DL8CAF0001
user_004,Rajesh Kumar,0xD1E2F3A4B5C6D7E8F9A0B1C2D3E4F5A6B7C8D9E0,8017,75,2025-05-14,3-wheeler,DL8CAF0001
user_004,Rajesh Kumar,0xD1E2F3A4B5C6D7E8F9A0B1C2D3E4F5A6B7C8D9E0,8039,70,2025-05-25,3-wheeler,DL8CAF0001
user_004,Rajesh Kumar,0xD1E2F3A4B5C6D7E8F9A0B1C2D3E4F5A6B7C8D9E0,8050,65,2025-05-26,3-wheeler,DL8CAF0001
user_004,Rajesh Kumar,0xD1E2F3A4B5C6D7E8F9A0B1C2D3E4F5A6B7C8D9E0,8072,60,2025-06-27,3-wheeler,DL8CAF0001
user_004,Rajesh Kumar,0xD1E2F3A4B5C6D7E8F9A0B1C2D3E4F5A6B7C8D9E0,8092,55,2025-07-05,3-wheeler,DL8CAF0001
user_004,Rajesh Kumar,0xD1E2F3A4B5C6D7E8F9A0B1C2D3E4F5A6B7C8D9E0,8120,50,2025-07-09,3-wheeler,DL8CAF0001
user_004,Rajesh Kumar,0xD1E2F3A4B5C6D7E8F9A0B1C2D3E4F5A6B7C8D9E0,8141,45,2025-07-16,3-wheeler,DL8CAF0001
user_004,Rajesh Kumar,0xD1E2F3A4B5C6D7E8F9A0B1C2D3E4F5A6B7C8D9E0,8153,40,2025-07-21,3-wheeler,DL8CAF0001
user_004,Rajesh Kumar,0xD1E2F3A4B5C6D7E8F9A0B1C2D3E4F5A6B7C8D9E0,8172,38,2025-07-22,3-wheeler,DL8CAF0001
user_005,Jack Yu,0xA3B7C9D2E4F8A1B2C3D4E5F60718293A4BC5DE6F,3006,85,2025-06-01,Bike,
user_005,Jack Yu,0xA3B7C9D2E4F8A1B2C3D4E5F60718293A4BC5DE6F,3020,80,2025-06-03,Bike,
user_005,Jack Yu,0xA3B7C9D2E4F8A1B2C3D4E5F60718293A4BC5DE6F,3042,75,2025-06-11,Bike,
user_005,Jack Yu,0xA3B7C9D2E4F8A1B2C3D4E5F60718293A4BC5DE6F,3060,70,2025-06-13,Bike,
user_005,Jack Yu,0xA3B7C9D2E4F8A1B2C3D4E5F60718293A4BC5DE6F,3084,65,2025-06-17,Bike,
user_005,Jack Yu,0xA3B7C9D2E4F8A1B2C3D4E5F60718293A4BC5DE6F,3099,60,2025-06-20,Bike,
user_005,Jack Yu,0xA3B7C9D2E4F8A1B2C3D4E5F60718293A4BC5DE6F,3111,55,2025-06-21,Bike,
user_005,Jack Yu,0xA3B7C9D2E4F8A1B2C3D4E5F60718293A4BC5DE6F,3123,50,2025-07-09,Bike,
user_005,Jack Yu,0xA3B7C9D2E4F8A1B2C3D4E5F60718293A4BC5DE6F,3136,45,2025-07-13,Bike,
user_005,Jack Yu,0xA3B7C9D2E4F8A1B2C3D4E5F60718293A4BC5DE6F,3953,43,2025-07-15,Bike,
user_006,Himanshu R,0x9F8E7D6C5B4A39102837465C7D8E9FAB1C2D3E4F,4013,90,2025-05-11,4-wheeler,KA03MN4321
user_006,Himanshu R,0x9F8E7D6C5B4A39102837465C7D8E9FAB1C2D3E4F,4022,85,2025-05-18,4-wheeler,KA03MN4321
user_006,Himanshu R,0x9F8E7D6C5B4A39102837465C7D8E9FAB1C2D3E4F,4039,80,2025-05-19,4-wheeler,KA03MN4321
user_006,Himanshu R,0x9F8E7D6C5B4A39102837465C7D8E9FAB1C2D3E4F,4053,75,2025-06-04,4-wheeler,KA03MN4321
user_006,Himanshu R,0x9F8E7D6C5B4A39102837465C7D8E9FAB1C2D3E4F,4084,70,2025-06-09,4-wheeler,KA03MN4321
user_006,Himanshu R,0x9F8E7D6C5B4A39102837465C7D8E9FAB1C2D3E4F,4091,65,2025-06-15,4-wheeler,KA03MN4321
user_006,Himanshu R,0x9F8E7D6C5B4A39102837465C7D8E9FAB1C2D3E4F,4105,60,2025-06-22,4-wheeler,KA03MN4321
user_006,Himanshu R,0x9F8E7D6C5B4A39102837465C7D8E9FAB1C2D3E4F,4126,55,2025-06-23,4-wheeler,KA03MN4321
user_006,Himanshu R,0x9F8E7D6C5B4A39102837465C7D8E9FAB1C2D3E4F,4144,50,2025-07-06,4-wheeler,KA03MN4321
user_006,Himanshu R,0x9F8E7D6C5B4A39102837465C7D8E9FAB1C2D3E4F,4177,48,2025-07-20,4-wheeler,KA03MN4321
user_007,Sheetal Gupta,0xFFEEDDCCBBAA99887766554433221100AABBCCDD,6025,95,2025-06-03,3-wheeler,UP16BT6789
user_007,Sheetal Gupta,0xFFEEDDCCBBAA99887766554433221100AABBCCDD,6049,90,2025-06-07,3-wheeler,UP16BT6789
user_007,Sheetal Gupta,0xFFEEDDCCBBAA99887766554433221100AABBCCDD,6080,85,2025-06-11,3-wheeler,UP16BT6789
user_007,Sheetal Gupta,0xFFEEDDCCBBAA99887766554433221100AABBCCDD,6112,80,2025-06-14,3-wheeler,UP16BT6789
user_007,Sheetal Gupta,0xFFEEDDCCBBAA99887766554433221100AABBCCDD,6136,75,2025-06-20,3-wheeler,UP16BT6789
user_007,Sheetal Gupta,0xFFEEDDCCBBAA99887766554433221100AABBCCDD,6156,70,2025-06-23,3-wheeler,UP16BT6789
user_007,Sheetal Gupta,0xFFEEDDCCBBAA99887766554433221100AABBCCDD,6188,65,2025-06-29,3-wheeler,UP16BT6789
user_007,Sheetal Gupta,0xFFEEDDCCBBAA99887766554433221100AABBCCDD,6205,60,2025-07-01,3-wheeler,UP16BT6789
user_007,Sheetal Gupta,0xFFEEDDCCBBAA99887766554433221100AABBCCDD,6226,58,2025-07-16,3-wheeler,UP16BT6789
user_008,Ali Husain, 0xC0FFEE1234BEEF5678DEAD90FACEB00C1234ABCD,1500,80,2025-05-15,Moped,
user_008,Ali Husain, 0xC0FFEE1234BEEF5678DEAD90FACEB00C1234ABCD,1513,75,2025-05-19,Moped,
user_008,Ali Husain, 0xC0FFEE1234BEEF5678DEAD90FACEB00C1234ABCD,1527,70,2025-05-29,Moped,
user_008,Ali Husain, 0xC0FFEE1234BEEF5678DEAD90FACEB00C1234ABCD,1550,65,2025-06-06,Moped,
user_008,Ali Husain, 0xC0FFEE1234BEEF5678DEAD90FACEB00C1234ABCD,1572,60,2025-06-17,Moped,
user_008,Ali Husain, 0xC0FFEE1234BEEF5678DEAD90FACEB00C1234ABCD,1592,55,2025-06-19,Moped,
user_008,Ali Husain, 0xC0FFEE1234BEEF5678DEAD90FACEB00C1234ABCD,1610,50,2025-06-23,Moped,
user_008,Ali Husain, 0xC0FFEE1234BEEF5678DEAD90FACEB00C1234ABCD,1623,45,2025-07-09,Moped,
user_008,Ali Husain, 0xC0FFEE1234BEEF5678DEAD90FACEB00C1234ABCD,1639,43,2025-07-18,Moped,
user_009,Sidhant Mehra, 0x0A1B2C3D4E5F60718293A4BC5DE6F7A8B9C0D1E2,2505,85,2025-05-17,Bike,WB20CD2345
user_009,Sidhant Mehra, 0x0A1B2C3D4E5F60718293A4BC5DE6F7A8B9C0D1E2,2523,80,2025-05-28,Bike,WB20CD2345
user_009,Sidhant Mehra, 0x0A1B2C3D4E5F60718293A4BC5DE6F7A8B9C0D1E2,2546,75,2025-05-31,Bike,WB20CD2345
user_009,Sidhant Mehra, 0x0A1B2C3D4E5F60718293A4BC5DE6F7A8B9C0D1E2,2569,70,2025-06-02,Bike,WB20CD2345
user_009,Sidhant Mehra, 0x0A1B2C3D4E5F60718293A4BC5DE6F7A8B9C0D1E2,2577,65,2025-06-14,Bike,WB20CD2345
user_009,Sidhant Mehra, 0x0A1B2C3D4E5F60718293A4BC5DE6F7A8B9C0D1E2,2584,60,2025-06-19,Bike,WB20CD2345
user_009,Sidhant Mehra, 0x0A1B2C3D4E5F60718293A4BC5DE6F7A8B9C0D1E2,2597,55,2025-06-25,Bike,WB20CD2345
user_009,Sidhant Mehra, 0x0A1B2C3D4E5F60718293A4BC5DE6F7A8B9C0D1E2,2601,53,2025-07-09,Bike,WB20CD2345
user_010,Teena S,0xDEADBEEFCAFEBABE1234567890ABCDEF12345678,3512,90,2025-06-12,4-wheeler,TS09GH8765
user_010,Teena S,0xDEADBEEFCAFEBABE1234567890ABCDEF12345678,3539,85,2025-06-26,4-wheeler,TS09GH8765
user_010,Teena S,0xDEADBEEFCAFEBABE1234567890ABCDEF12345678,3561,80,2025-06-28,4-wheeler,TS09GH8765
user_010,Teena S,0xDEADBEEFCAFEBABE1234567890ABCDEF12345678,3592,75,2025-06-29,4-wheeler,TS09GH8765
user_010,Teena S,0xDEADBEEFCAFEBABE1234567890ABCDEF12345678,3622,70,2025-06-30,4-wheeler,TS09GH8765
user_010,Teena S,0xDEADBEEFCAFEBABE1234567890ABCDEF12345678,3641,65,2025-07-03,4-wheeler,TS09GH8765
user_010,Teena S,0xDEADBEEFCAFEBABE1234567890ABCDEF12345678,3666,60,2025-07-12,4-wheeler,TS09GH8765
user_010,Teena S,0xDEADBEEFCAFEBABE1234567890ABCDEF12345678,3684,58,2025-07-23,4-wheeler,TS09GH8765
user_011,Vicky V,0x9876FEDCBA0987654321ABCDE1234567890FEDCB,7003,95,2025-05-21,3-wheeler,HR26DK0001
user_011,Vicky V,0x9876FEDCBA0987654321ABCDE1234567890FEDCB,7022,90,2025-05-28,3-wheeler,HR26DK0001
user_011,Vicky V,0x9876FEDCBA0987654321ABCDE1234567890FEDCB,7053,85,2025-06-03,3-wheeler,HR26DK0001
user_011,Vicky V,0x9876FEDCBA0987654321ABCDE1234567890FEDCB,7077,80,2025-06-11,3-wheeler,HR26DK0001
user_011,Vicky V,0x9876FEDCBA0987654321ABCDE1234567890FEDCB,7093,75,2025-06-14,3-wheeler,HR26DK0001
user_011,Vicky V,0x9876FEDCBA0987654321ABCDE1234567890FEDCB,7125,70,2025-06-18,3-wheeler,HR26DK0001
user_011,Vicky V,0x9876FEDCBA0987654321ABCDE1234567890FEDCB,7139,65,2025-07-12,3-wheeler,HR26DK0001
user_011,Vicky V,0x9876FEDCBA0987654321ABCDE1234567890FEDCB,7153,63,2025-07-24,3-wheeler,HR26DK0001
user_012,Sumanth Kapoor,0xBADC0FFEE0DDF00D1234567890ABCDEF11223344,10056,80,2025-05-23,Bike,KL07AB1234
user_012,Sumanth Kapoor,0xBADC0FFEE0DDF00D1234567890ABCDEF11223344,10069,75,2025-05-30,Bike,KL07AB1234
user_012,Sumanth Kapoor,0xBADC0FFEE0DDF00D1234567890ABCDEF11223344,10088,70,2025-06-02,Bike,KL07AB1234
user_012,Sumanth Kapoor,0xBADC0FFEE0DDF00D1234567890ABCDEF11223344,10835,65,2025-06-05,Bike,KL07AB1234
user_012,Sumanth Kapoor,0xBADC0FFEE0DDF00D1234567890ABCDEF11223344,10138,60,2025-06-14,Bike,KL07AB1234
user_012,Sumanth Kapoor,0xBADC0FFEE0DDF00D1234567890ABCDEF11223344,10165,55,2025-06-27,Bike,KL07AB1234
user_012,Sumanth Kapoor,0xBADC0FFEE0DDF00D1234567890ABCDEF11223344,10189,50,2025-07-08,Bike,KL07AB1234
user_012,Sumanth Kapoor,0xBADC0FFEE0DDF00D1234567890ABCDEF11223344,10450,48,2025-07-22,Bike,KL07AB1234
user_013,Adnan S,0xC0DE1234BEEF5678FACE9876DCBA4321A1B2C3D4,12036,85,2025-05-03,4-wheeler,
user_013,Adnan S,0xC0DE1234BEEF5678FACE9876DCBA4321A1B2C3D4,12050,80,2025-06-01,4-wheeler,
user_013,Adnan S,0xC0DE1234BEEF5678FACE9876DCBA4321A1B2C3D4,12069,75,2025-06-06,4-wheeler,
user_013,Adnan S,0xC0DE1234BEEF5678FACE9876DCBA4321A1B2C3D4,12081,70,2025-06-15,4-wheeler,
user_013,Adnan S,0xC0DE1234BEEF5678FACE9876DCBA4321A1B2C3D4,12111,65,2025-06-29,4-wheeler,
user_013,Adnan S,0xC0DE1234BEEF5678FACE9876DCBA4321A1B2C3D4,12120,60,2025-06-30,4-wheeler,
user_013,Adnan S,0xC0DE1234BEEF5678FACE9876DCBA4321A1B2C3D4,12142,58,2025-07-18,4-wheeler,
user_014,Rahul DJ,0x1234ABCD5678EF90123456789ABCDEF012345678,9006,90,2025-05-27,3-wheeler,CG04LM4321
user_014,Rahul DJ,0x1234ABCD5678EF90123456789ABCDEF012345678,9035,85,2025-06-09,3-wheeler,CG04LM4321
user_014,Rahul DJ,0x1234ABCD5678EF90123456789ABCDEF012345678,9070,80,2025-06-10,3-wheeler,CG04LM4321
user_014,Rahul DJ,0x1234ABCD5678EF90123456789ABCDEF012345678,9091,75,2025-06-14,3-wheeler,CG04LM4321
user_014,Rahul DJ,0x1234ABCD5678EF90123456789ABCDEF012345678,9105,70,2025-06-29,3-wheeler,CG04LM4321
user_014,Rahul DJ,0x1234ABCD5678EF90123456789ABCDEF012345678,9160,65,2025-07-01,3-wheeler,CG04LM4321
user_014,Rahul DJ,0x1234ABCD5678EF90123456789ABCDEF012345678,9198,63,2025-07-20,3-wheeler,CG04LM4321
user_015,Rashika Shah,0xFEEDFACECAFEBEEFDEADBEEF0011223344556677,15016,95,2025-05-19,4-wheeler,PB10XY9876
user_015,Rashika Shah,0xFEEDFACECAFEBEEFDEADBEEF0011223344556677,15033,90,2025-06-05,4-wheeler,PB10XY9876
user_015,Rashika Shah,0xFEEDFACECAFEBEEFDEADBEEF0011223344556677,15161,85,2025-06-16,4-wheeler,PB10XY9876
user_015,Rashika Shah,0xFEEDFACECAFEBEEFDEADBEEF0011223344556677,15183,80,2025-06-19,4-wheeler,PB10XY9876
user_015,Rashika Shah,0xFEEDFACECAFEBEEFDEADBEEF0011223344556677,15190,75,2025-06-25,4-wheeler,PB10XY9876
user_015,Rashika Shah,0xFEEDFACECAFEBEEFDEADBEEF0011223344556677,16001,70,2025-07-09,4-wheeler,PB10XY9876  # Odometer spike for fraud detection
user_015,Rashika Shah,0xFEEDFACECAFEBEEFDEADBEEF0011223344556677,16032,68,2025-07-21,4-wheeler,PB10XY9876 
user_016,Ananya Sharma,0xA1B2C3D4E5F6A7B8C9D0E1F2A3B4C5D6E7F8A9B0,350,90,2025-06-01,Bike,GJ01AB1234
user_016,Ananya Sharma,0xA1B2C3D4E5F6A7B8C9D0E1F2A3B4C5D6E7F8A9B0,381,88,2025-06-10,Bike,GJ01AB1234
user_016,Ananya Sharma,0xA1B2C3D4E5F6A7B8C9D0E1F2A3B4C5D6E7F8A9B0,402,85,2025-06-15,Bike,GJ01AB1234
user_016,Ananya Sharma,0xA1B2C3D4E5F6A7B8C9D0E1F2A3B4C5D6E7F8A9B0,460,83,2025-06-18,Bike,GJ01AB1234
user_016,Ananya Sharma,0xA1B2C3D4E5F6A7B8C9D0E1F2A3B4C5D6E7F8A9B0,479,80,2025-06-25,Bike,GJ01AB1234
user_016,Ananya Sharma,0xA1B2C3D4E5F6A7B8C9D0E1F2A3B4C5D6E7F8A9B0,493,78,2025-07-06,Bike,GJ01AB1234
user_016,Ananya Sharma,0xA1B2C3D4E5F6A7B8C9D0E1F2A3B4C5D6E7F8A9B0,515,75,2025-07-19,Bike,GJ01AB1234
user_017,Ananya Sharma,0xB1C2D3E4F5A6B7C8D9E0F1A2B3C4D5E6F7A8B9C0,8015,95,2025-06-13,4-wheeler,GJ01CD5678
user_017,Ananya Sharma,0xB1C2D3E4F5A6B7C8D9E0F1A2B3C4D5E6F7A8B9C0,8029,93,2025-06-16,4-wheeler,GJ01CD5678
user_017,Ananya Sharma,0xB1C2D3E4F5A6B7C8D9E0F1A2B3C4D5E6F7A8B9C0,8041,90,2025-06-17,4-wheeler,GJ01CD5678
user_017,Ananya Sharma,0xB1C2D3E4F5A6B7C8D9E0F1A2B3C4D5E6F7A8B9C0,8076,88,2025-06-22,4-wheeler,GJ01CD5678
user_017,Ananya Sharma,0xB1C2D3E4F5A6B7C8D9E0F1A2B3C4D5E6F7A8B9C0,8341,85,2025-07-01,4-wheeler,GJ01CD5678
user_017,Ananya Sharma,0xB1C2D3E4F5A6B7C8D9E0F1A2B3C4D5E6F7A8B9C0,8353,83,2025-07-03,4-wheeler,GJ01CD5678
user_017,Ananya Sharma,0xB1C2D3E4F5A6B7C8D9E0F1A2B3C4D5E6F7A8B9C0,8372,80,2025-07-15,4-wheeler,GJ01CD5678
user_018,Rahul Mehra,0xC1D2E3F4A5B6C7D8E9F0A1B2C3D4E5F6A7B8C9D0,886,88,2025-06-05,Moped,DL01EF9012
user_018,Rahul Mehra,0xC1D2E3F4A5B6C7D8E9F0A1B2C3D4E5F6A7B8C9D0,901,86,2025-06-19,Moped,DL01EF9012
user_018,Rahul Mehra,0xC1D2E3F4A5B6C7D8E9F0A1B2C3D4E5F6A7B8C9D0,915,84,2025-06-23,Moped,DL01EF9012
user_018,Rahul Mehra,0xC1D2E3F4A5B6C7D8E9F0A1B2C3D4E5F6A7B8C9D0,934,82,2025-06-26,Moped,DL01EF9012
user_018,Rahul Mehra,0xC1D2E3F4A5B6C7D8E9F0A1B2C3D4E5F6A7B8C9D0,939,80,2025-07-06,Moped,DL01EF9012
user_018,Rahul Mehra,0xC1D2E3F4A5B6C7D8E9F0A1B2C3D4E5F6A7B8C9D0,947,78,2025-07-17,Moped,DL01EF9012
user_018,Rahul Mehra,0xC1D2E3F4A5B6C7D8E9F0A1B2C3D4E5F6A7B8C9D0,963,76,2025-07-24,Moped,DL01EF9012
user_019,Rahul Mehra,0xD1E2F3A4B5C6D7E8F9A0B1C2D3E4F5A6B7C8D9E0,9000,92,2025-06-14,3-wheeler,DL01GH3456
user_019,Rahul Mehra,0xD1E2F3A4B5C6D7E8F9A0B1C2D3E4F5A6B7C8D9E0,9036,90,2025-06-21,3-wheeler,DL01GH3456
user_019,Rahul Mehra,0xD1E2F3A4B5C6D7E8F9A0B1C2D3E4F5A6B7C8D9E0,9061,88,2025-06-27,3-wheeler,DL01GH3456
user_019,Rahul Mehra,0xD1E2F3A4B5C6D7E8F9A0B1C2D3E4F5A6B7C8D9E0,9082,86,2025-06-30,3-wheeler,DL01GH3456
user_019,Rahul Mehra,0xD1E2F3A4B5C6D7E8F9A0B1C2D3E4F5A6B7C8D9E0,9092,84,2025-07-05,3-wheeler,DL01GH3456
user_019,Rahul Mehra,0xD1E2F3A4B5C6D7E8F9A0B1C2D3E4F5A6B7C8D9E0,9150,82,2025-07-13,3-wheeler,DL01GH3456
user_019,Rahul Mehra,0xD1E2F3A4B5C6D7E8F9A0B1C2D3E4F5A6B7C8D9E0,9184,80,2025-07-25,3-wheeler,DL01GH3456 